Model,MAE,RMSE,R2 Score
Linear Regression,0.03921496282253156,0.049495847813578485,0.8999257231180794
Gradient Boosting,0.040814644618644466,0.05191092477847781,0.8899215116816391
Random Forest,0.04140454476858017,0.051984957406098084,0.8896073115053995
XGBoost,0.04455041150666149,0.055815213523677125,0.8727405311411368
Decision Tree,0.05326214986340852,0.06817270644618496,0.8101520128866639
